DATE,OPEN,CLOSE,HIGH,LOW,VOLUME
02-JUL-2020,23.75,24.75,25.15,23.45,17837338
01-JUL-2020,23.5,23.4,23.65,23.0,4881509
30-JUN-2020,23.5,23.25,24.2,23.15,7595608
29-JUN-2020,23.8,23.4,23.95,23.15,6053367
26-JUN-2020,24.0,23.8,24.25,23.65,7777486
25-JUN-2020,24.1,23.7,24.4,23.55,10417919
24-JUN-2020,24.45,24.25,25.9,24.15,22508792
23-JUN-2020,24.15,24.2,24.6,23.95,9015741
22-JUN-2020,24.25,23.95,24.45,23.55,10728570
19-JUN-2020,24.4,24.2,24.7,24.0,12057218
18-JUN-2020,23.15,24.2,24.6,22.85,21000107
17-JUN-2020,23.0,23.05,23.55,22.6,8260710
16-JUN-2020,24.5,23.15,24.7,22.55,13622367
15-JUN-2020,23.6,23.6,24.5,23.35,10420524
12-JUN-2020,21.25,23.5,23.7,21.05,16073720
11-JUN-2020,24.95,23.25,25.0,23.1,17151101
10-JUN-2020,22.0,24.5,25.75,21.4,54721282
09-JUN-2020,23.55,22.05,23.6,21.9,15286118
08-JUN-2020,23.8,22.95,24.9,22.4,29064759
05-JUN-2020,19.7,22.3,22.55,19.65,35330680
04-JUN-2020,18.95,19.05,19.35,18.6,6930161
03-JUN-2020,19.25,19.1,19.55,18.95,9865449
02-JUN-2020,18.25,18.8,19.05,18.2,13453257
01-JUN-2020,17.5,18.15,18.15,17.45,10393284
29-MAY-2020,17.1,17.3,18.05,17.1,14425875
28-MAY-2020,17.25,17.2,17.5,17.1,4409269
27-MAY-2020,17.05,17.15,17.25,16.9,3354852
26-MAY-2020,17.0,17.05,17.25,16.95,2658754
22-MAY-2020,17.15,16.95,17.2,16.8,3557752
21-MAY-2020,17.3,17.15,17.5,17.1,2719413
20-MAY-2020,17.05,17.3,17.4,16.95,4433653
19-MAY-2020,18.05,16.95,18.1,16.9,11872705
18-MAY-2020,19.0,17.75,19.0,17.75,8428019
15-MAY-2020,19.0,18.65,19.35,18.35,26591161
14-MAY-2020,17.7,18.65,18.65,17.45,25585197
13-MAY-2020,18.5,17.8,18.55,17.7,21556882
12-MAY-2020,17.9,17.7,17.9,17.35,3421959
11-MAY-2020,18.45,18.0,18.7,17.8,3383952
08-MAY-2020,19.1,18.25,19.1,18.2,3101865
07-MAY-2020,18.75,18.55,18.75,18.4,1449359
06-MAY-2020,19.0,18.7,19.15,18.65,2731244
05-MAY-2020,19.6,18.85,19.6,18.8,2244939
04-MAY-2020,19.1,19.2,19.7,18.85,4288059
30-APR-2020,20.1,19.8,20.65,19.7,7241026
29-APR-2020,19.5,19.75,20.2,19.3,4128189
28-APR-2020,19.75,19.3,19.9,19.2,2844536
27-APR-2020,19.4,19.6,20.0,19.25,4529432
24-APR-2020,20.5,19.25,20.6,18.9,14406877
23-APR-2020,22.7,20.95,22.8,20.7,10004481
22-APR-2020,21.5,21.8,22.45,21.05,5401204
21-APR-2020,22.7,21.55,22.7,21.35,5540051
20-APR-2020,24.95,23.7,25.1,23.6,5107812
17-APR-2020,24.6,24.65,24.95,23.65,9469677
16-APR-2020,20.55,22.85,23.3,20.35,9733199
15-APR-2020,20.1,20.55,21.5,19.8,9376377
13-APR-2020,18.3,19.25,19.7,17.5,7816459
09-APR-2020,17.15,18.3,18.7,17.15,6254939
08-APR-2020,16.65,17.0,17.9,16.4,5475391
07-APR-2020,16.85,16.65,16.85,16.4,4438705
03-APR-2020,16.5,16.1,16.5,15.9,2558062
01-APR-2020,16.25,16.2,16.9,16.1,2482447
31-MAR-2020,16.5,16.3,16.7,16.1,4819271
30-MAR-2020,16.15,16.3,16.45,15.8,2947497
27-MAR-2020,16.0,16.6,16.8,15.8,6349914
26-MAR-2020,15.5,15.6,16.4,15.5,6146968
25-MAR-2020,16.0,15.7,16.0,15.45,3505025
24-MAR-2020,15.6,16.05,16.5,15.1,4442884
23-MAR-2020,15.5,15.35,16.75,15.35,5778662
20-MAR-2020,15.6,17.05,17.05,15.35,11728602
19-MAR-2020,15.0,15.5,16.35,14.6,10461117
18-MAR-2020,17.35,17.05,20.0,14.05,26533744
17-MAR-2020,17.45,17.05,18.35,16.7,9415169
16-MAR-2020,17.95,17.35,18.4,17.15,10410262
13-MAR-2020,17.0,18.8,19.25,15.0,20305455
12-MAR-2020,17.5,18.4,19.8,17.5,25164053
11-MAR-2020,21.25,20.15,21.9,20.0,16947163
09-MAR-2020,23.8,21.25,24.0,20.65,19371062
06-MAR-2020,24.3,24.4,25.6,23.6,13285306
05-MAR-2020,26.25,25.9,26.45,25.55,8614726
04-MAR-2020,27.5,25.95,27.7,25.55,14505345
03-MAR-2020,26.4,26.9,27.4,26.1,7344278
02-MAR-2020,27.3,26.3,27.9,25.5,8739729
28-FEB-2020,26.6,26.4,26.75,25.85,11189451
27-FEB-2020,28.1,27.45,28.1,27.2,7675684
26-FEB-2020,29.3,28.25,29.7,27.65,15089082
25-FEB-2020,27.55,29.35,30.7,27.2,17494537
24-FEB-2020,28.45,27.4,28.45,27.25,11108047
20-FEB-2020,29.5,28.65,29.5,28.5,11100258
19-FEB-2020,29.3,29.5,29.95,29.05,10976092
18-FEB-2020,30.6,28.95,30.6,28.5,15335519
17-FEB-2020,31.9,30.6,31.95,30.4,9119855
14-FEB-2020,31.7,32.0,32.6,31.5,10972985
13-FEB-2020,31.6,31.85,32.35,30.7,18262422
12-FEB-2020,30.65,32.2,32.9,30.35,15849528
11-FEB-2020,31.25,30.55,31.6,30.35,10168060
10-FEB-2020,32.45,31.25,32.5,31.05,8930454
07-FEB-2020,33.05,32.3,33.1,32.1,7866820
06-FEB-2020,33.25,32.95,33.45,32.85,5742663
05-FEB-2020,33.0,33.05,33.25,32.75,6504276
04-FEB-2020,33.0,32.75,33.45,32.5,7467626
03-FEB-2020,32.0,32.7,32.95,31.65,9990421
01-FEB-2020,33.65,32.8,34.7,32.35,11659276
31-JAN-2020,34.65,33.7,34.85,33.4,13159247
30-JAN-2020,36.6,34.35,36.75,34.0,26050070
29-JAN-2020,36.8,36.4,37.1,36.2,21810415
28-JAN-2020,37.25,36.6,37.45,36.4,18819685
27-JAN-2020,37.2,37.05,37.75,36.6,14788427
24-JAN-2020,36.4,37.45,38.1,36.1,19202858
23-JAN-2020,35.65,36.4,37.0,35.65,21187805
22-JAN-2020,37.2,35.75,37.4,35.45,16396116
21-JAN-2020,37.75,37.1,38.35,36.6,18335740
20-JAN-2020,37.9,37.6,38.2,36.75,15336259
17-JAN-2020,38.2,37.6,39.05,37.5,18070173
16-JAN-2020,39.1,38.2,39.45,38.05,15673943
15-JAN-2020,37.15,39.1,39.7,36.9,32278364
14-JAN-2020,37.3,37.35,37.55,36.85,12029430
13-JAN-2020,36.7,37.15,37.3,36.55,13594802
10-JAN-2020,36.9,36.6,37.5,36.1,20512977
09-JAN-2020,35.4,36.25,36.65,34.9,23416513
08-JAN-2020,34.6,34.4,34.8,34.0,16557107
07-JAN-2020,34.9,34.65,35.6,33.9,19209237
06-JAN-2020,36.5,34.35,36.5,34.25,22076303
03-JAN-2020,37.3,36.9,38.0,36.65,21050255
02-JAN-2020,34.65,37.4,38.15,34.4,27183282
01-JAN-2020,34.95,34.7,35.15,34.35,8284763
31-DEC-2019,34.55,34.85,35.15,34.3,8832013
30-DEC-2019,34.15,34.6,34.8,34.1,8222617
27-DEC-2019,33.8,34.05,34.15,33.65,8313647
26-DEC-2019,34.7,33.7,34.85,33.5,18787844
24-DEC-2019,34.95,34.6,34.95,34.2,13750372
23-DEC-2019,35.75,34.75,36.1,34.5,19720113
20-DEC-2019,35.4,35.7,36.2,35.15,12357895
19-DEC-2019,35.35,35.4,36.0,35.15,12225035
18-DEC-2019,35.95,35.3,36.3,35.1,17026784
17-DEC-2019,34.8,35.25,35.9,34.7,10299860
16-DEC-2019,35.45,34.8,35.5,34.55,10128554
13-DEC-2019,34.6,35.25,35.4,34.3,11030110
12-DEC-2019,33.4,34.4,34.65,32.9,14110793
11-DEC-2019,32.5,33.35,33.6,32.2,13529744
10-DEC-2019,34.7,32.6,34.7,32.3,15425438
09-DEC-2019,35.1,34.5,35.5,34.0,16092316
06-DEC-2019,36.05,34.35,36.15,33.95,15050763
05-DEC-2019,36.55,35.85,37.2,35.75,11726288
04-DEC-2019,35.9,36.45,36.6,35.3,12381997
03-DEC-2019,36.9,35.9,38.05,35.75,15761219
02-DEC-2019,38.9,37.35,38.9,37.1,11521916
29-NOV-2019,36.55,38.75,39.4,36.35,32470004
28-NOV-2019,35.8,36.45,36.65,35.65,16043882
27-NOV-2019,36.4,35.75,36.75,35.5,12665222
26-NOV-2019,37.5,36.4,37.8,36.2,14090096
25-NOV-2019,36.85,37.5,37.65,36.35,11260302
22-NOV-2019,37.0,36.8,37.2,36.2,12750985
21-NOV-2019,37.95,37.3,38.2,36.7,18253857
20-NOV-2019,37.65,37.3,37.65,36.9,16423602
19-NOV-2019,38.1,36.95,38.25,36.8,15908782
18-NOV-2019,38.4,38.05,39.0,37.8,16762741
15-NOV-2019,37.15,37.4,38.3,36.35,16319699
14-NOV-2019,39.0,37.3,39.1,37.0,16131172
13-NOV-2019,40.95,39.15,41.25,39.05,12592904
11-NOV-2019,40.8,40.9,41.35,39.85,12879667
08-NOV-2019,41.55,40.75,41.9,40.55,20478412
07-NOV-2019,42.2,41.55,45.8,41.35,71090313
06-NOV-2019,37.3,38.4,38.95,37.25,16057915
05-NOV-2019,38.65,37.2,38.7,36.65,12134315
04-NOV-2019,37.7,38.55,39.7,37.6,20822057
01-NOV-2019,37.7,37.5,38.3,37.15,10741263
31-OCT-2019,38.1,37.5,38.95,37.15,16363351
30-OCT-2019,36.05,37.8,37.95,35.8,21599121
29-OCT-2019,34.0,35.7,36.25,33.8,14217458
27-OCT-2019,33.7,34.0,34.25,33.65,2018922
25-OCT-2019,34.5,33.4,34.9,32.8,12181131
24-OCT-2019,36.05,34.45,36.25,34.2,14635783
23-OCT-2019,35.7,35.95,36.9,34.95,15281117
22-OCT-2019,36.9,35.7,37.45,35.2,18823442
18-OCT-2019,34.0,36.9,38.3,34.0,35086843
17-OCT-2019,33.45,34.3,34.45,33.0,15768082
16-OCT-2019,33.5,33.45,34.2,33.1,21680886
15-OCT-2019,32.75,32.7,33.0,32.0,12559199
14-OCT-2019,32.65,32.55,33.3,32.35,13767973
11-OCT-2019,33.95,32.65,34.25,32.4,17002087
10-OCT-2019,33.6,33.65,34.55,33.0,14774126
09-OCT-2019,32.65,33.8,34.15,32.2,16210929
07-OCT-2019,33.3,32.5,33.4,31.3,19135072
04-OCT-2019,34.6,33.1,35.0,32.9,20834934
03-OCT-2019,34.2,34.35,35.35,33.9,12388007
01-OCT-2019,35.7,34.7,36.8,33.85,22928580
30-SEP-2019,36.65,34.9,36.7,34.5,19507194
27-SEP-2019,37.9,36.5,38.0,36.1,14208719
26-SEP-2019,37.0,38.05,38.5,36.35,18351581
25-SEP-2019,39.05,37.05,39.05,36.6,11956447
24-SEP-2019,38.95,39.35,40.0,38.55,15505055
23-SEP-2019,39.0,39.3,41.0,38.1,32017558
20-SEP-2019,33.65,37.5,37.85,33.55,32948503
19-SEP-2019,35.85,34.0,35.85,33.7,16616548
18-SEP-2019,36.15,35.7,36.65,35.1,14909107
17-SEP-2019,38.1,35.95,38.3,35.7,17132876
16-SEP-2019,37.8,37.65,38.3,37.2,13818643
13-SEP-2019,38.2,37.55,38.25,36.5,18295179
12-SEP-2019,37.75,38.0,39.1,37.4,20531149
11-SEP-2019,38.0,37.9,38.55,37.3,16854106
09-SEP-2019,36.15,37.5,37.9,35.9,19302103
06-SEP-2019,35.0,35.75,36.25,34.4,12479236
05-SEP-2019,33.65,34.8,36.6,33.65,25535097
04-SEP-2019,33.7,33.4,34.5,32.8,14139392
03-SEP-2019,34.5,33.7,34.95,33.45,10602604
30-AUG-2019,36.65,35.35,36.9,34.2,22547420
29-AUG-2019,35.2,36.65,37.15,34.8,28384443
28-AUG-2019,36.8,35.95,36.95,35.5,20291829
27-AUG-2019,33.15,36.85,37.4,33.15,39300045
26-AUG-2019,34.4,33.1,34.4,31.65,19856335
23-AUG-2019,29.25,31.95,32.7,28.5,26997974
22-AUG-2019,30.4,29.25,30.6,29.05,16533130
21-AUG-2019,31.85,30.4,32.45,30.1,17636538
20-AUG-2019,33.6,32.2,33.6,31.4,16488328
19-AUG-2019,34.1,33.15,34.6,32.8,13554533
16-AUG-2019,35.1,33.9,35.1,33.5,11025600
14-AUG-2019,34.6,35.1,35.55,33.9,13743443
13-AUG-2019,35.05,34.4,36.0,34.15,19032352
09-AUG-2019,37.3,34.65,38.45,34.05,53973205
08-AUG-2019,38.3,39.75,39.9,38.15,14989187
07-AUG-2019,39.2,38.0,40.5,37.8,15791550
06-AUG-2019,38.0,38.95,40.25,37.65,28810152
05-AUG-2019,42.45,38.2,42.45,37.85,30836991
02-AUG-2019,43.05,42.85,43.75,41.5,12775785
01-AUG-2019,41.9,43.9,44.7,41.85,13031126
31-JUL-2019,41.6,42.75,43.15,40.4,14181441
30-JUL-2019,47.3,41.65,48.3,40.75,25745605
29-JUL-2019,48.9,47.35,49.0,47.1,8661853
26-JUL-2019,48.0,48.85,49.6,47.7,9415618
25-JUL-2019,49.25,48.0,49.75,47.65,14785356
24-JUL-2019,50.75,49.25,50.8,49.1,8217518
23-JUL-2019,51.1,50.45,52.35,50.15,12709584
22-JUL-2019,51.0,50.75,51.3,49.25,10347267
19-JUL-2019,52.5,51.2,52.7,50.65,11331923
18-JUL-2019,54.05,52.1,54.25,51.85,8225962
17-JUL-2019,54.4,54.15,55.2,53.65,5905081
16-JUL-2019,54.45,54.6,55.2,53.8,7407457
15-JUL-2019,55.5,54.0,56.15,53.75,6831941
12-JUL-2019,55.5,55.85,56.2,55.0,12142046
11-JUL-2019,55.1,55.35,55.7,53.6,6774543
10-JUL-2019,56.1,54.85,56.65,54.35,5194788
09-JUL-2019,53.85,56.45,56.9,53.5,14514708
08-JUL-2019,56.95,54.05,56.95,53.55,13104598
05-JUL-2019,61.85,57.6,62.05,57.05,11468022
04-JUL-2019,60.5,61.3,62.35,60.45,8365088
03-JUL-2019,60.1,60.35,60.7,59.85,3554271
02-JUL-2019,60.85,60.25,61.15,59.8,5433274
01-JUL-2019,59.8,60.4,61.35,59.35,8165150
28-JUN-2019,61.4,59.6,61.4,59.25,5272244
27-JUN-2019,62.2,60.8,63.0,60.6,15791922
26-JUN-2019,61.15,62.3,62.9,60.8,9384759
25-JUN-2019,61.75,61.15,62.15,60.5,8395243
24-JUN-2019,57.6,61.95,62.45,57.6,14487442
21-JUN-2019,58.25,58.6,59.4,57.55,7122742
20-JUN-2019,56.5,58.4,58.8,55.8,7768271
19-JUN-2019,56.7,56.5,57.85,55.0,8039680
18-JUN-2019,56.6,56.5,57.35,55.75,4157959
17-JUN-2019,57.7,56.65,58.15,56.4,5623954
14-JUN-2019,59.0,58.1,59.2,57.8,3296836
13-JUN-2019,58.2,58.95,59.75,57.25,5509094
12-JUN-2019,59.3,59.05,60.8,58.55,4888999
11-JUN-2019,58.7,59.65,59.95,57.65,4956521
10-JUN-2019,61.6,58.65,61.95,58.3,8157583
07-JUN-2019,60.8,60.95,61.3,59.5,5868234
06-JUN-2019,63.2,60.8,63.25,60.2,6138835
04-JUN-2019,62.55,63.15,64.4,62.15,7194976
03-JUN-2019,61.7,62.6,63.1,60.2,6241157
31-MAY-2019,63.7,61.9,63.95,60.85,9235460
30-MAY-2019,62.65,63.7,64.2,62.65,11775728
29-MAY-2019,64.2,62.65,64.2,62.15,7479139
28-MAY-2019,63.85,64.5,65.4,63.35,10782815
27-MAY-2019,61.5,63.45,64.1,61.4,13425051
24-MAY-2019,57.95,61.15,61.5,57.45,10928734
23-MAY-2019,59.4,57.6,60.9,56.8,14331117
22-MAY-2019,56.0,57.2,57.55,55.3,4909705
21-MAY-2019,57.9,56.3,57.95,55.8,5334904
20-MAY-2019,55.6,57.2,57.5,55.15,8044193
17-MAY-2019,52.4,52.95,53.2,51.9,4652984
16-MAY-2019,52.0,52.65,53.2,51.15,4976742
15-MAY-2019,54.0,51.8,54.5,51.65,5843507
14-MAY-2019,52.5,53.85,54.7,51.75,5477391
13-MAY-2019,55.35,52.65,55.35,52.3,4043048
10-MAY-2019,55.4,55.7,56.1,55.0,3616071
09-MAY-2019,53.9,55.1,55.4,53.1,4892497
08-MAY-2019,56.0,54.0,56.5,53.85,7291287
07-MAY-2019,58.2,56.25,58.35,56.1,4356469
06-MAY-2019,57.2,57.95,58.3,56.7,4506275
03-MAY-2019,59.3,58.1,59.55,57.65,6700365
02-MAY-2019,58.15,59.0,59.4,57.55,7732719
30-APR-2019,59.25,57.95,59.25,57.1,5402270
26-APR-2019,59.25,59.1,59.45,58.65,3901375
25-APR-2019,59.55,58.65,60.5,58.4,10490423
24-APR-2019,59.65,59.55,59.95,58.95,6158431
23-APR-2019,60.0,59.05,60.2,58.8,5969723
22-APR-2019,61.6,59.85,61.6,59.6,6130476
18-APR-2019,62.45,61.6,62.6,60.85,6703182
16-APR-2019,62.8,62.5,62.9,62.1,5432056
15-APR-2019,62.1,62.7,63.0,61.75,6551785
12-APR-2019,62.05,61.95,62.45,61.5,6709785
11-APR-2019,61.5,61.85,62.2,61.25,10906917
10-APR-2019,61.4,60.75,61.95,60.6,7583468
09-APR-2019,62.3,61.4,62.4,60.2,11260203
08-APR-2019,62.4,62.5,64.75,62.0,17048106
05-APR-2019,61.25,61.95,62.45,61.1,7059369
04-APR-2019,62.35,60.9,62.65,60.5,9404326
03-APR-2019,64.1,62.25,64.15,62.05,11616601
02-APR-2019,67.0,63.65,67.4,63.3,15931572
01-APR-2019,67.0,66.55,67.9,66.15,13297151
29-MAR-2019,65.6,66.3,66.6,65.45,14264183
28-MAR-2019,65.45,64.95,65.45,64.1,16915341
27-MAR-2019,65.0,63.65,65.2,63.4,6917567
26-MAR-2019,64.2,64.4,65.45,64.05,8425679
25-MAR-2019,63.5,63.75,65.7,63.05,11861421
22-MAR-2019,65.0,64.55,66.45,64.2,11018472
20-MAR-2019,67.75,65.0,67.75,64.1,17014161
19-MAR-2019,67.75,67.6,68.3,66.15,14150180
18-MAR-2019,66.85,67.05,68.2,66.0,19349102
15-MAR-2019,65.1,65.75,66.75,63.7,38080990
14-MAR-2019,60.0,64.65,65.15,59.5,27052542
13-MAR-2019,61.4,60.05,61.6,59.0,9942278
12-MAR-2019,59.9,61.05,62.9,59.5,22093531
11-MAR-2019,57.4,58.8,59.35,57.2,7152306
08-MAR-2019,58.5,57.05,58.7,56.45,9198745
07-MAR-2019,59.8,58.95,60.0,57.9,7068460
06-MAR-2019,58.0,59.7,61.9,57.8,15409526
05-MAR-2019,55.35,57.5,57.9,55.15,8884905
01-MAR-2019,53.2,55.05,55.4,53.05,7270430
28-FEB-2019,53.05,52.85,53.3,52.3,14521371
27-FEB-2019,52.85,52.9,54.35,52.55,8314492
26-FEB-2019,52.0,52.65,53.0,51.15,7759779
25-FEB-2019,53.55,53.3,53.8,52.9,11009074
22-FEB-2019,51.65,53.1,53.45,51.1,6864238
21-FEB-2019,51.5,51.6,51.9,50.75,4754407
20-FEB-2019,51.4,51.35,51.6,50.25,5985253
19-FEB-2019,50.65,50.65,51.3,50.2,4730158
18-FEB-2019,50.1,50.3,50.75,49.6,6282692
15-FEB-2019,49.45,50.05,51.15,48.7,15161940
14-FEB-2019,49.95,48.95,50.5,47.2,28465834
13-FEB-2019,54.2,51.5,54.85,51.05,7620968
12-FEB-2019,53.1,53.9,54.35,52.85,3557221
11-FEB-2019,54.9,53.35,55.1,52.8,4533423
08-FEB-2019,54.35,54.6,55.5,53.9,3329387
07-FEB-2019,53.8,54.65,55.4,53.3,5333806
06-FEB-2019,53.5,53.7,54.3,52.35,6277964
05-FEB-2019,56.0,53.4,56.3,52.75,7107581
04-FEB-2019,57.6,56.2,57.6,55.5,4551452
01-FEB-2019,59.0,57.85,60.0,56.7,5957647
31-JAN-2019,60.3,58.7,60.4,58.4,8887982
30-JAN-2019,58.55,60.05,60.2,57.75,8464543
29-JAN-2019,55.5,58.2,58.5,55.5,6188753
28-JAN-2019,56.85,55.9,57.2,55.5,4519089
25-JAN-2019,56.4,56.5,57.85,55.8,6110147
24-JAN-2019,57.0,56.15,57.5,55.75,4945606
23-JAN-2019,57.5,57.0,58.1,56.8,3291718
22-JAN-2019,56.45,57.65,58.2,56.3,5539222
21-JAN-2019,57.9,56.85,58.55,56.7,4245245
18-JAN-2019,59.3,57.95,59.3,57.8,5472823
17-JAN-2019,60.2,58.95,60.2,58.2,5038644
16-JAN-2019,60.3,59.65,61.1,59.45,6378176
15-JAN-2019,59.9,59.8,60.55,58.9,6239369
14-JAN-2019,61.0,59.7,61.2,59.3,5328251
11-JAN-2019,61.5,61.0,62.2,60.7,6936758
10-JAN-2019,61.45,61.25,62.15,60.9,5474309
09-JAN-2019,62.7,61.6,62.75,60.75,9228819
08-JAN-2019,62.6,62.45,63.2,61.75,25911949
07-JAN-2019,59.25,61.05,61.7,59.2,15013715
04-JAN-2019,59.2,58.9,59.9,58.1,17192774
03-JAN-2019,58.0,58.2,59.15,57.8,11043147
02-JAN-2019,57.3,58.0,58.9,56.8,8692267
01-JAN-2019,58.1,57.5,58.1,56.8,4673000
31-DEC-2018,57.05,57.75,58.95,57.05,10837209
28-DEC-2018,55.0,56.7,57.95,54.35,23026823
27-DEC-2018,55.45,53.9,55.9,53.65,21527626
26-DEC-2018,53.55,54.6,55.2,52.35,13141359
24-DEC-2018,55.95,54.15,56.35,53.95,8813229
21-DEC-2018,58.7,55.9,58.75,55.7,8337395
20-DEC-2018,58.0,58.3,59.0,57.3,11478441
19-DEC-2018,53.8,58.75,59.45,53.65,34964182
18-DEC-2018,52.9,53.4,53.8,52.5,4996702
17-DEC-2018,53.2,53.0,53.65,52.65,4569452
14-DEC-2018,53.75,52.7,54.05,52.1,6572041
13-DEC-2018,52.7,53.65,53.85,52.55,8551737
12-DEC-2018,51.0,52.05,52.9,50.1,11861914
11-DEC-2018,48.0,49.9,50.35,47.65,9595805
10-DEC-2018,50.9,48.75,51.0,48.5,13664103
07-DEC-2018,53.15,51.8,53.55,51.55,7135742
06-DEC-2018,54.95,53.05,55.25,52.8,5690985
05-DEC-2018,55.25,54.8,56.8,53.95,6594480
04-DEC-2018,53.7,55.75,57.05,53.6,11840592
03-DEC-2018,53.75,53.7,54.3,53.0,6220059
30-NOV-2018,55.3,52.9,55.65,52.5,11434173
29-NOV-2018,55.85,54.9,55.9,54.2,7606784
28-NOV-2018,56.65,55.65,56.95,55.3,5444380
27-NOV-2018,56.55,56.8,57.55,56.05,3431811
26-NOV-2018,58.0,56.55,58.4,56.0,3615928
22-NOV-2018,58.5,57.65,58.9,57.5,3468792
21-NOV-2018,59.4,58.7,59.9,58.4,3521046
20-NOV-2018,59.0,59.3,60.35,58.75,3866293
19-NOV-2018,60.0,59.65,61.0,59.3,4524929
16-NOV-2018,60.9,59.5,60.95,57.85,13149404
15-NOV-2018,64.6,60.5,65.1,60.05,13795089
14-NOV-2018,66.2,65.55,66.9,64.75,4971895
13-NOV-2018,66.4,65.55,67.0,63.65,7168584
12-NOV-2018,66.0,66.4,68.85,65.8,10876964
09-NOV-2018,64.3,65.65,65.9,63.8,7316457
07-NOV-2018,63.1,64.1,64.5,63.0,2697400
06-NOV-2018,63.1,62.2,63.7,61.45,5081903
05-NOV-2018,59.0,62.55,63.45,58.55,11970224
02-NOV-2018,60.0,58.85,61.15,58.6,9426264
01-NOV-2018,56.15,58.45,59.2,56.1,9858161
31-OCT-2018,54.0,55.25,55.55,53.15,4747136
30-OCT-2018,53.0,53.4,54.5,52.7,4861063
29-OCT-2018,52.15,52.75,53.2,51.25,4028937
26-OCT-2018,54.35,51.75,54.35,50.8,10032158
25-OCT-2018,52.5,54.85,56.7,52.2,19977642
24-OCT-2018,53.5,53.25,53.85,52.3,3522692
23-OCT-2018,52.7,52.85,53.65,52.1,4123603
22-OCT-2018,53.45,53.3,54.4,52.4,5441068
19-OCT-2018,56.1,53.0,57.25,52.2,12781096
17-OCT-2018,58.4,56.3,59.3,55.55,10579394
16-OCT-2018,54.7,56.4,56.7,54.3,8671263
15-OCT-2018,53.75,54.25,54.8,53.45,6222971
12-OCT-2018,53.1,53.4,55.0,53.05,6773089
11-OCT-2018,53.25,52.5,53.75,51.5,7464519
10-OCT-2018,53.5,54.95,56.0,53.2,11513898
09-OCT-2018,55.85,52.7,55.85,52.1,9214550
08-OCT-2018,53.5,54.3,55.15,52.5,5648712
05-OCT-2018,57.0,53.5,57.2,52.9,9022150
04-OCT-2018,57.4,56.75,58.45,55.65,6058909
03-OCT-2018,59.2,57.6,60.1,57.2,5650894
01-OCT-2018,58.5,58.7,59.0,55.35,5192241
28-SEP-2018,62.1,58.5,62.5,57.6,5750998
27-SEP-2018,64.55,61.65,65.0,61.5,4401988
26-SEP-2018,64.0,64.1,64.8,63.4,2216198
25-SEP-2018,62.45,63.85,66.35,61.4,8191220
24-SEP-2018,64.95,62.7,64.95,61.75,3496332
21-SEP-2018,66.0,64.9,66.25,60.2,5765959
19-SEP-2018,67.4,64.8,67.9,64.4,5174193
18-SEP-2018,68.9,67.0,68.9,66.5,2714095
17-SEP-2018,68.1,68.45,68.95,67.0,2190748
14-SEP-2018,67.95,68.3,70.4,67.8,5148975
12-SEP-2018,67.7,66.85,67.7,65.2,3306416
11-SEP-2018,69.2,67.25,69.75,66.7,3020968
10-SEP-2018,71.0,68.95,71.1,68.7,2654195
07-SEP-2018,67.8,71.05,72.25,66.75,9965059
06-SEP-2018,67.9,67.8,68.85,66.9,2681661
05-SEP-2018,69.0,67.95,69.0,66.25,5140947
04-SEP-2018,73.0,69.2,73.2,68.8,6367736
03-SEP-2018,72.1,72.9,74.4,71.9,3743712
31-AUG-2018,72.0,72.05,72.65,71.25,2694224
30-AUG-2018,72.5,72.25,73.25,71.8,3168426
29-AUG-2018,72.6,72.6,73.9,72.35,2295732
28-AUG-2018,73.5,72.45,73.7,71.65,2923796
27-AUG-2018,73.0,73.25,73.8,71.85,3206024
24-AUG-2018,71.65,72.6,74.15,71.0,5470482
23-AUG-2018,73.95,71.45,74.0,70.85,5438212
21-AUG-2018,73.8,74.25,74.95,73.65,2379440
20-AUG-2018,73.95,73.75,74.4,73.35,2672791
17-AUG-2018,76.1,74.3,76.5,73.0,9347500
16-AUG-2018,71.9,75.3,75.8,71.5,7257071
14-AUG-2018,71.0,72.35,72.6,70.95,3482127
13-AUG-2018,74.2,71.45,74.5,71.05,8422508
10-AUG-2018,77.4,75.65,77.65,74.95,3497045
09-AUG-2018,75.0,77.35,77.7,74.8,4033939
08-AUG-2018,76.7,74.65,76.9,74.2,6342127
07-AUG-2018,78.95,76.8,79.0,76.1,4742724
06-AUG-2018,77.5,78.3,79.6,77.1,7614744
03-AUG-2018,75.95,76.65,78.3,75.5,13444082
02-AUG-2018,70.8,74.8,75.2,69.95,9320278
01-AUG-2018,71.0,70.8,71.75,70.1,3506501
31-JUL-2018,71.55,70.55,71.55,69.25,3689767
30-JUL-2018,71.0,71.3,72.4,70.6,6070868
27-JUL-2018,67.0,70.2,71.1,66.55,6957766
26-JUL-2018,67.15,67.35,68.5,66.55,4507842
25-JUL-2018,68.45,67.25,69.4,66.7,3662423
24-JUL-2018,65.0,68.05,69.0,64.9,6398974
23-JUL-2018,63.3,64.95,65.35,62.55,4604165
20-JUL-2018,63.25,63.45,63.9,62.4,4371493
19-JUL-2018,62.0,63.15,65.5,61.2,10587947
18-JUL-2018,63.85,61.8,63.85,60.6,4051702
17-JUL-2018,61.7,62.95,63.6,60.95,8818592
16-JUL-2018,65.4,61.5,65.4,61.2,5268202
13-JUL-2018,67.7,65.45,67.95,65.25,3902348
12-JUL-2018,69.1,67.55,70.1,66.9,4021581
11-JUL-2018,70.05,68.6,71.15,68.2,6588032
10-JUL-2018,70.1,70.15,71.2,69.75,3840160
09-JUL-2018,68.6,69.6,71.25,68.5,9652943
06-JUL-2018,68.2,67.85,69.95,67.35,8252277
05-JUL-2018,67.8,68.85,69.45,67.55,8296683
04-JUL-2018,71.05,67.7,71.85,67.3,9237695
03-JUL-2018,72.0,71.3,73.45,70.75,5191117
02-JUL-2018,76.0,73.0,76.1,72.25,5116181
29-JUN-2018,73.15,74.95,75.3,73.05,5134921
28-JUN-2018,72.8,72.35,74.1,70.0,7125440
27-JUN-2018,80.5,73.35,80.5,71.95,11376776
26-JUN-2018,81.5,79.9,82.0,78.65,4557126
25-JUN-2018,83.0,81.8,83.15,81.1,2117641
22-JUN-2018,82.8,82.9,83.1,81.55,2477922
21-JUN-2018,84.0,82.8,84.0,82.45,2036897
20-JUN-2018,84.55,83.4,84.95,82.75,2924624
19-JUN-2018,86.35,84.5,86.35,84.0,3483012
18-JUN-2018,86.5,86.25,87.2,85.65,3940671
15-JUN-2018,85.2,84.9,86.35,84.65,3247510
14-JUN-2018,86.8,85.3,86.8,84.55,4889181
13-JUN-2018,90.7,87.5,90.8,87.25,3474943
12-JUN-2018,87.5,89.9,90.3,87.1,3477486
11-JUN-2018,87.95,87.7,88.85,87.15,1901510
08-JUN-2018,86.6,87.25,88.15,86.0,2443931
07-JUN-2018,87.5,86.85,89.45,85.7,6045014
06-JUN-2018,84.95,86.75,87.35,84.5,2389793
05-JUN-2018,86.35,85.3,86.5,83.55,4083573
04-JUN-2018,90.4,86.4,90.4,85.4,5249786
01-JUN-2018,92.8,89.8,93.3,88.2,4129638
31-MAY-2018,95.0,92.1,95.0,91.05,8016263
30-MAY-2018,94.7,94.25,95.65,94.0,1247080
29-MAY-2018,95.65,94.9,96.5,93.85,1655605
28-MAY-2018,97.7,95.65,98.5,94.0,5414463
25-MAY-2018,95.4,97.8,98.6,95.0,5836209
24-MAY-2018,92.4,94.45,95.5,92.4,1430985
23-MAY-2018,92.75,91.95,95.0,91.7,1934184
22-MAY-2018,92.55,92.75,94.2,91.0,2046928
21-MAY-2018,95.45,93.05,95.45,92.3,2845603
18-MAY-2018,98.0,95.45,98.65,95.0,1682210
17-MAY-2018,98.0,97.95,99.2,97.65,1399607
16-MAY-2018,97.0,97.9,99.2,96.75,1407532
15-MAY-2018,98.3,98.1,102.2,97.1,3113636
14-MAY-2018,99.7,98.3,99.7,96.7,1767975
11-MAY-2018,101.4,99.7,102.15,98.5,2207213
10-MAY-2018,103.45,101.4,104.1,100.9,1143851
09-MAY-2018,101.55,103.45,104.4,101.55,935353
08-MAY-2018,103.25,104.5,105.15,103.25,1821327
07-MAY-2018,103.8,103.6,105.2,102.8,1556676
04-MAY-2018,103.7,103.85,104.95,103.0,1245213
03-MAY-2018,105.6,103.75,105.7,102.8,1545453
02-MAY-2018,105.35,105.65,108.5,104.3,4101941
30-APR-2018,105.2,104.9,106.25,103.75,1992083
27-APR-2018,104.7,104.85,105.85,103.55,1582963
26-APR-2018,106.8,104.65,107.8,103.55,2448428
25-APR-2018,103.5,106.4,109.2,102.9,5930273
24-APR-2018,206.75,206.8,209.2,206.05,930071
23-APR-2018,208.1,206.1,208.4,205.4,1143752
20-APR-2018,210.5,208.85,211.55,206.8,1104942
19-APR-2018,211.0,211.6,212.75,210.5,674493
18-APR-2018,215.25,211.0,215.95,210.1,1464420
17-APR-2018,211.3,214.15,216.3,211.0,2251686
16-APR-2018,209.65,211.35,211.7,207.35,792267
13-APR-2018,212.0,210.45,212.95,209.6,1554287
12-APR-2018,210.95,210.15,211.75,209.0,747702
11-APR-2018,212.0,211.6,212.8,208.7,892753
10-APR-2018,213.4,212.5,213.8,210.05,2135859
09-APR-2018,208.4,210.2,210.8,207.5,1778239
06-APR-2018,206.85,207.5,209.75,205.25,1228986
05-APR-2018,206.95,207.45,208.2,206.25,1416125
04-APR-2018,211.0,203.0,211.6,202.1,2765561
03-APR-2018,208.4,210.2,214.0,206.0,9029294
02-APR-2018,195.1,199.0,201.0,192.75,1805026
28-MAR-2018,192.0,190.4,193.65,190.0,2229188
27-MAR-2018,192.4,194.4,195.0,192.25,1522864
26-MAR-2018,191.0,190.5,193.0,188.4,2757150
23-MAR-2018,193.9,191.3,194.65,186.7,3468699
22-MAR-2018,196.75,196.7,198.8,194.0,1828536
21-MAR-2018,195.5,196.15,199.15,194.8,2486704
20-MAR-2018,197.85,194.25,199.25,193.6,1956720
19-MAR-2018,204.7,199.5,205.55,197.85,2683176
16-MAR-2018,197.95,200.35,203.6,196.1,4131444
15-MAR-2018,201.1,198.15,201.1,197.15,1762914
14-MAR-2018,197.4,201.2,205.85,197.3,5392671
13-MAR-2018,186.55,196.15,197.9,185.55,3664583
12-MAR-2018,183.9,184.65,185.35,181.35,1496530
09-MAR-2018,187.45,182.2,187.45,181.4,2237551
08-MAR-2018,190.05,185.9,190.25,184.0,1625061
07-MAR-2018,188.45,187.5,190.95,184.55,1705741
06-MAR-2018,194.0,189.15,194.5,188.0,1135160
05-MAR-2018,196.0,191.75,196.05,190.0,1605714
01-MAR-2018,195.95,195.95,198.6,195.2,1238991
28-FEB-2018,198.55,196.4,198.55,195.0,1395480
27-FEB-2018,203.0,198.75,203.0,197.5,1347129
26-FEB-2018,203.95,201.5,203.95,199.55,1553675
23-FEB-2018,194.4,201.8,203.0,194.0,3251098
22-FEB-2018,196.0,192.75,197.8,191.7,2579884
21-FEB-2018,198.95,197.65,198.95,196.5,978644
20-FEB-2018,199.0,196.8,199.5,194.7,1413489
19-FEB-2018,204.0,199.0,204.95,194.4,1782250
16-FEB-2018,209.5,203.9,209.5,202.3,1354638
15-FEB-2018,209.5,208.1,213.4,206.6,1513762
14-FEB-2018,220.0,209.5,221.0,208.3,2120204
12-FEB-2018,214.8,216.05,217.5,211.5,1429273
09-FEB-2018,204.0,210.8,213.5,201.25,1715319
08-FEB-2018,205.9,208.35,210.5,204.0,1569659
07-FEB-2018,209.5,203.95,209.5,202.8,1846909
06-FEB-2018,197.95,200.85,203.85,186.6,5240845
05-FEB-2018,215.6,205.9,215.75,200.75,4765758
02-FEB-2018,228.45,218.95,228.65,216.8,2021516
01-FEB-2018,228.5,228.85,235.7,226.0,4282715
31-JAN-2018,222.5,225.95,229.6,222.1,3128355
30-JAN-2018,230.0,224.8,230.9,222.2,2888321
29-JAN-2018,235.7,230.5,236.4,230.0,1429791
25-JAN-2018,237.0,234.95,240.45,234.0,2100303
24-JAN-2018,240.0,237.95,242.4,237.2,1100368
23-JAN-2018,243.8,241.8,243.9,240.1,820427
22-JAN-2018,239.3,242.3,243.75,237.2,1027308
19-JAN-2018,237.0,240.3,241.6,234.0,785593
18-JAN-2018,246.0,237.75,246.0,235.95,1215178
17-JAN-2018,242.0,244.75,245.9,232.0,1487915
16-JAN-2018,248.7,243.5,249.45,242.6,1165525
15-JAN-2018,250.6,248.75,251.05,248.15,708460
12-JAN-2018,249.55,249.65,252.95,247.25,1501402
11-JAN-2018,249.6,248.55,252.35,247.3,1240193
10-JAN-2018,250.7,250.0,252.75,248.4,1045615
09-JAN-2018,253.85,250.85,254.25,250.1,1279082
08-JAN-2018,255.85,253.5,257.2,253.0,2763272
05-JAN-2018,250.9,250.6,252.65,250.0,1404334
04-JAN-2018,246.45,249.15,250.5,245.4,1974441
03-JAN-2018,243.7,243.45,246.2,242.7,966273
02-JAN-2018,247.3,243.55,248.15,242.5,1242949
01-JAN-2018,247.3,247.0,249.45,245.2,860862
29-DEC-2017,249.3,246.9,251.4,245.55,2266699
28-DEC-2017,251.0,247.4,252.0,246.3,2118256
27-DEC-2017,253.5,249.55,254.5,248.5,1466974
26-DEC-2017,251.55,251.65,257.15,244.55,2472451
22-DEC-2017,253.5,254.0,256.5,252.8,1101621
21-DEC-2017,253.75,252.2,254.8,251.2,1254413
20-DEC-2017,253.0,253.3,258.3,252.5,2525571
19-DEC-2017,250.0,252.2,253.9,250.0,1211249
18-DEC-2017,249.95,249.45,253.95,235.0,1503994
15-DEC-2017,248.75,250.45,251.6,248.05,1078692
14-DEC-2017,247.1,245.45,248.2,241.15,1266783
13-DEC-2017,251.8,246.05,252.75,245.05,1220783
12-DEC-2017,253.5,251.15,255.95,250.3,1723180
11-DEC-2017,260.45,254.2,264.7,253.05,3604071
08-DEC-2017,256.45,259.45,266.0,255.6,3732909
07-DEC-2017,254.75,254.55,258.9,253.5,1865440
06-DEC-2017,256.0,253.95,259.65,253.0,938581
05-DEC-2017,255.35,256.65,261.35,252.55,1833391
04-DEC-2017,261.55,255.95,262.95,254.1,1576739
01-DEC-2017,264.7,260.5,267.85,258.8,1386822
30-NOV-2017,264.0,262.85,266.65,261.6,2774836
29-NOV-2017,263.8,264.35,271.6,262.35,3520598
28-NOV-2017,264.1,262.55,267.2,261.9,2385191
27-NOV-2017,263.8,263.9,267.45,263.0,1645095
24-NOV-2017,267.0,264.95,268.5,262.8,1253251
23-NOV-2017,269.8,266.05,269.8,265.1,1213120
22-NOV-2017,272.5,268.1,274.2,266.75,1682820
21-NOV-2017,268.5,270.9,275.55,268.15,2691855
20-NOV-2017,269.45,265.1,274.0,264.4,1743054
17-NOV-2017,270.2,269.1,274.8,267.75,1356522
16-NOV-2017,267.1,266.05,269.15,261.0,2413176
15-NOV-2017,271.95,265.0,277.85,252.45,3952424
14-NOV-2017,269.9,270.25,280.5,268.25,3424274
13-NOV-2017,274.0,268.85,277.25,268.0,1456987
10-NOV-2017,275.0,274.6,282.2,273.0,1420089
09-NOV-2017,279.8,276.85,283.35,272.95,2507423
08-NOV-2017,288.45,278.1,291.3,274.15,3625224
07-NOV-2017,269.0,285.6,291.15,269.0,14382618
06-NOV-2017,260.5,263.95,267.1,260.5,1067526
03-NOV-2017,262.5,262.8,265.35,262.05,721335
02-NOV-2017,265.0,262.55,268.2,261.9,1465190
01-NOV-2017,262.0,262.85,266.7,260.2,1416280
31-OCT-2017,267.8,260.1,269.85,259.0,2197177
30-OCT-2017,256.8,265.75,268.0,256.8,1740517
27-OCT-2017,257.8,255.45,263.3,253.55,2459654
26-OCT-2017,259.0,256.3,260.0,253.0,4364982
25-OCT-2017,263.8,246.45,272.0,241.5,6158220
24-OCT-2017,255.45,260.1,265.35,252.75,3298906
23-OCT-2017,255.9,254.1,258.0,253.05,1104353
19-OCT-2017,252.55,253.6,256.3,251.0,1016903
18-OCT-2017,251.7,251.3,254.25,250.25,1829408
17-OCT-2017,239.6,250.25,252.7,239.6,4491473
16-OCT-2017,245.0,239.55,246.4,237.15,1656968
13-OCT-2017,244.0,243.35,249.1,241.95,4834666
12-OCT-2017,223.25,241.95,243.35,223.25,8291838
11-OCT-2017,221.45,221.25,226.4,220.0,1454027
10-OCT-2017,220.7,220.05,221.7,219.2,825674
09-OCT-2017,216.1,218.15,221.35,215.5,902886
06-OCT-2017,215.4,216.1,216.7,215.05,378059
05-OCT-2017,213.9,214.95,216.0,213.75,613085
04-OCT-2017,214.9,213.35,216.65,212.55,614138
03-OCT-2017,216.0,213.35,216.8,212.6,755150
29-SEP-2017,210.45,212.6,215.4,210.05,608778
28-SEP-2017,208.0,210.6,212.95,207.5,1541706
27-SEP-2017,214.6,207.5,214.6,206.2,777110
26-SEP-2017,211.95,212.4,214.9,208.9,782444
25-SEP-2017,216.4,211.35,216.95,208.0,1080676
22-SEP-2017,223.3,216.4,223.4,215.7,1439343
21-SEP-2017,223.4,224.05,228.5,222.15,5384830
20-SEP-2017,215.05,220.15,221.0,213.9,2888535
19-SEP-2017,214.45,215.0,219.0,212.55,1522108
18-SEP-2017,213.4,213.55,215.5,213.05,540729
15-SEP-2017,212.45,212.35,214.4,211.05,578200
14-SEP-2017,211.9,213.15,216.85,209.3,1760435
13-SEP-2017,214.1,210.15,215.5,209.05,640829
12-SEP-2017,210.0,213.5,217.65,209.1,2447267
11-SEP-2017,210.0,208.45,210.9,208.05,418020
08-SEP-2017,211.95,208.8,212.0,208.4,483082
07-SEP-2017,212.4,210.3,213.85,209.1,1056696
06-SEP-2017,207.45,208.4,210.45,206.55,757882
05-SEP-2017,208.4,209.0,210.75,207.65,533590
04-SEP-2017,209.7,206.8,211.7,206.05,811616
01-SEP-2017,205.4,208.65,209.95,205.2,917879
31-AUG-2017,206.5,204.55,207.45,204.05,556757
30-AUG-2017,205.8,206.4,208.0,205.15,414665
29-AUG-2017,207.0,204.4,207.0,203.4,508216
28-AUG-2017,207.0,206.9,207.85,206.25,309667
24-AUG-2017,206.5,205.8,208.15,204.55,680036
23-AUG-2017,204.6,205.1,205.75,202.55,519924
22-AUG-2017,206.4,203.45,207.9,202.55,585414
21-AUG-2017,209.1,205.75,211.65,205.05,863445
18-AUG-2017,205.2,208.3,210.2,204.8,1068197
17-AUG-2017,208.65,207.3,210.5,206.35,627525
16-AUG-2017,209.7,208.4,212.5,206.6,1768842
14-AUG-2017,202.8,206.55,211.2,202.65,1745171
11-AUG-2017,193.1,199.65,203.7,188.1,2713355
10-AUG-2017,206.0,195.05,207.45,192.1,1507129
09-AUG-2017,211.15,207.85,211.45,207.0,656442
08-AUG-2017,213.7,212.5,214.5,211.0,856301
07-AUG-2017,215.55,213.7,217.75,212.0,709220
04-AUG-2017,216.8,216.7,217.3,213.9,982845
03-AUG-2017,215.5,217.1,219.6,214.2,2290389
02-AUG-2017,211.95,215.0,215.9,210.25,1664391
01-AUG-2017,209.75,211.9,213.4,209.75,897546
31-JUL-2017,211.2,209.5,212.1,208.8,794584
28-JUL-2017,207.8,211.45,212.65,206.8,1244816
27-JUL-2017,210.5,208.5,214.15,206.45,1397846
26-JUL-2017,209.05,210.7,212.15,208.0,691952
25-JUL-2017,215.1,209.15,215.5,207.4,1461916
24-JUL-2017,216.25,215.1,217.45,213.5,798795
21-JUL-2017,217.9,215.6,218.6,213.9,1494062
20-JUL-2017,211.7,215.85,216.9,209.05,2293026
19-JUL-2017,210.0,210.8,211.8,209.15,429950
18-JUL-2017,210.3,209.6,212.4,209.15,598472
17-JUL-2017,213.5,211.3,213.5,210.15,584573
14-JUL-2017,212.45,210.3,212.8,209.2,883952
13-JUL-2017,212.85,212.45,213.8,211.05,964693
12-JUL-2017,210.0,211.45,212.95,208.25,1528024
11-JUL-2017,206.4,208.95,212.35,206.05,2569270
10-JUL-2017,208.0,205.25,208.0,204.0,132849
07-JUL-2017,205.55,204.75,207.0,204.0,680247
06-JUL-2017,207.0,206.15,208.0,205.5,524863
05-JUL-2017,205.0,206.1,207.75,203.75,764566
04-JUL-2017,207.0,205.1,209.2,204.1,770236
03-JUL-2017,204.2,207.55,209.45,203.3,1696928
30-JUN-2017,203.5,202.5,204.0,200.5,1162960
29-JUN-2017,204.35,204.3,207.0,203.75,1027744
28-JUN-2017,201.4,203.5,204.8,200.5,1050558
27-JUN-2017,209.95,202.15,210.0,201.5,1851789
23-JUN-2017,208.0,208.9,211.0,201.5,3012490
22-JUN-2017,210.6,206.9,213.5,204.55,2319434
21-JUN-2017,207.9,209.8,211.5,207.05,2326849
20-JUN-2017,210.45,206.95,210.6,206.15,4350943
19-JUN-2017,203.0,205.45,206.7,199.7,1976729
16-JUN-2017,197.75,200.7,204.5,196.5,4530391
15-JUN-2017,197.2,197.7,198.6,197.0,617424
14-JUN-2017,198.75,198.75,199.5,196.65,667114
13-JUN-2017,198.75,198.85,200.4,198.2,585091
12-JUN-2017,196.5,198.6,200.7,196.1,564101
09-JUN-2017,198.1,198.55,200.8,196.1,636230
08-JUN-2017,203.0,198.4,203.0,198.05,638129
07-JUN-2017,202.5,200.9,203.45,199.85,717153
06-JUN-2017,206.5,202.25,208.55,201.25,3198706
05-JUN-2017,195.0,201.15,203.8,195.0,2218936
02-JUN-2017,195.25,195.65,198.5,194.3,1119595
01-JUN-2017,193.0,193.45,194.9,190.5,475100
31-MAY-2017,195.9,194.95,197.4,192.7,467123
30-MAY-2017,193.2,196.1,196.7,189.65,1361403
29-MAY-2017,198.0,194.9,199.5,193.5,2262374
26-MAY-2017,189.0,194.7,196.2,188.45,1964565
25-MAY-2017,182.0,186.95,188.7,181.75,1159454
24-MAY-2017,181.8,180.65,185.0,178.7,1119511
23-MAY-2017,187.2,180.95,188.25,178.2,1203078
22-MAY-2017,195.2,189.2,196.0,188.1,967519
19-MAY-2017,196.0,193.55,197.75,192.5,585718
18-MAY-2017,197.0,194.2,199.25,193.5,786742
17-MAY-2017,198.6,200.35,202.95,197.0,1919273
16-MAY-2017,198.0,198.25,199.95,196.2,623932
15-MAY-2017,194.5,197.6,198.65,194.5,514453
12-MAY-2017,196.0,194.25,196.7,192.6,469217
11-MAY-2017,198.95,196.1,199.75,195.0,621807
10-MAY-2017,199.05,198.1,201.3,197.5,1120587
09-MAY-2017,199.5,198.05,200.8,197.45,687730
08-MAY-2017,198.3,199.4,200.25,198.0,932365
05-MAY-2017,199.35,197.15,201.95,196.5,1252620
04-MAY-2017,201.3,199.1,202.35,198.0,794801
03-MAY-2017,195.55,200.35,203.85,195.35,2794035
02-MAY-2017,201.0,196.2,201.6,194.2,1262982
28-APR-2017,202.0,199.75,206.0,199.0,4941810
27-APR-2017,195.4,199.8,201.7,195.4,3006264
26-APR-2017,194.0,194.4,196.0,190.75,2150594
25-APR-2017,196.0,192.6,196.7,192.0,743887
24-APR-2017,192.0,195.15,195.6,189.65,1696761
21-APR-2017,193.7,192.0,197.0,191.0,1886634
20-APR-2017,186.25,191.5,192.0,186.1,3219367
19-APR-2017,183.7,182.0,184.5,181.0,920476
18-APR-2017,182.9,181.1,184.6,180.1,1535604
17-APR-2017,178.05,181.05,182.0,175.85,891356
13-APR-2017,179.5,178.65,181.65,176.65,675747
12-APR-2017,182.0,178.15,184.25,175.1,1196852
11-APR-2017,180.95,181.4,181.9,179.1,1051455
10-APR-2017,179.0,180.25,181.4,178.55,1532801
07-APR-2017,172.85,177.1,179.2,171.85,2578671
06-APR-2017,172.0,173.05,174.0,171.0,992128
05-APR-2017,174.0,171.9,174.4,171.3,1073773
03-APR-2017,172.5,173.3,174.0,172.15,749322
31-MAR-2017,173.5,172.05,173.95,171.0,1008720
30-MAR-2017,172.0,172.9,175.35,171.65,2210642
29-MAR-2017,173.2,171.55,173.85,170.1,1264706
28-MAR-2017,174.65,172.45,175.6,172.1,711178
27-MAR-2017,175.0,174.7,175.95,173.0,675845
24-MAR-2017,175.7,175.1,178.0,174.6,881810
23-MAR-2017,174.65,174.95,176.45,174.65,521448
22-MAR-2017,175.0,174.45,177.35,173.55,839249
21-MAR-2017,176.3,176.8,178.4,174.15,891130
20-MAR-2017,179.6,176.0,179.65,175.35,895837
17-MAR-2017,181.9,179.1,181.9,175.5,5082909
16-MAR-2017,182.0,180.1,182.0,179.5,1738889
15-MAR-2017,179.1,180.05,181.4,176.35,2331703
14-MAR-2017,175.1,178.45,179.4,173.5,3352244
10-MAR-2017,168.7,170.9,172.25,167.0,1678709
09-MAR-2017,164.8,168.7,169.55,160.55,1032619
08-MAR-2017,166.6,164.95,167.3,164.5,1014733
07-MAR-2017,170.9,167.0,170.9,166.5,1198862
06-MAR-2017,169.05,167.3,169.05,166.9,865993
03-MAR-2017,165.9,168.2,169.0,164.6,1110256
02-MAR-2017,165.2,165.9,170.2,165.0,1628164
01-MAR-2017,169.75,165.1,169.8,164.0,1325534
28-FEB-2017,168.4,168.85,171.95,165.6,1181025
27-FEB-2017,171.9,168.05,172.4,167.0,1241033
23-FEB-2017,174.9,171.65,174.9,171.2,993400
22-FEB-2017,176.8,174.7,176.95,173.2,1446240
21-FEB-2017,177.95,176.05,178.4,175.0,1132115
20-FEB-2017,175.9,177.05,181.75,175.1,2121644
17-FEB-2017,193.7,175.1,193.7,155.7,6164520
16-FEB-2017,191.27,192.83,198.0,191.0,3224885
15-FEB-2017,190.07,190.8,193.03,189.67,1709938
14-FEB-2017,189.33,191.23,191.93,187.6,1545942
13-FEB-2017,188.53,188.17,190.53,187.0,2572806
10-FEB-2017,187.33,187.53,188.67,186.8,719180
09-FEB-2017,188.33,187.3,188.67,185.6,755210
08-FEB-2017,186.27,187.77,188.53,184.03,771175
07-FEB-2017,186.63,185.5,188.0,184.23,801940
06-FEB-2017,184.73,185.7,187.33,183.9,1002138
03-FEB-2017,184.2,183.8,185.33,181.03,906840
02-FEB-2017,184.0,183.47,184.5,183.0,722757
01-FEB-2017,181.8,183.17,184.0,180.7,1744756
31-JAN-2017,178.0,180.5,182.5,177.33,1266555
30-JAN-2017,179.4,177.9,179.4,177.33,477531
27-JAN-2017,178.87,179.4,180.47,178.07,1023791
25-JAN-2017,178.63,178.07,179.03,176.7,590561
24-JAN-2017,176.2,177.97,180.0,176.0,1125174
23-JAN-2017,172.4,174.53,175.2,172.0,823807
20-JAN-2017,180.67,172.13,180.97,171.2,2266396
19-JAN-2017,184.33,180.73,185.03,179.8,1173100
18-JAN-2017,187.53,183.73,188.57,183.33,1399465
17-JAN-2017,184.13,186.2,190.67,184.13,3056823
16-JAN-2017,183.73,183.57,187.97,182.73,1567403
13-JAN-2017,181.97,183.13,184.8,180.7,983398
12-JAN-2017,183.27,181.43,183.27,178.97,1416317
11-JAN-2017,180.37,182.23,183.33,178.07,2289582
10-JAN-2017,172.8,178.77,180.0,171.17,3136095
09-JAN-2017,167.87,171.83,174.0,166.1,1719517
06-JAN-2017,166.63,167.3,169.53,166.43,805934
05-JAN-2017,165.67,166.4,168.0,160.27,1857906
04-JAN-2017,170.97,164.73,171.93,163.4,3304927
03-JAN-2017,171.87,169.63,173.17,168.0,2062643
02-JAN-2017,160.7,168.97,169.83,160.7,3600116
30-DEC-2016,158.83,159.3,162.87,158.1,2164527
29-DEC-2016,153.67,157.33,158.0,153.33,1676689
28-DEC-2016,152.0,152.77,156.6,150.73,1542423
27-DEC-2016,146.47,150.0,151.67,145.37,1295236
26-DEC-2016,148.67,146.53,152.93,143.07,2064318
23-DEC-2016,147.67,148.83,150.6,147.67,276456
22-DEC-2016,150.67,148.63,150.97,148.0,316330
21-DEC-2016,153.33,151.1,153.33,150.67,288804
20-DEC-2016,150.53,152.47,153.77,149.63,886817
19-DEC-2016,151.07,149.23,151.67,148.7,585577
16-DEC-2016,148.13,149.8,152.0,148.13,926633
15-DEC-2016,148.37,148.87,150.83,148.0,445179
14-DEC-2016,151.8,150.4,152.6,150.0,274982
13-DEC-2016,153.0,151.67,153.83,151.4,364805
12-DEC-2016,155.57,153.17,157.43,152.53,502628
09-DEC-2016,157.33,155.6,157.4,154.73,383161
08-DEC-2016,155.6,156.73,157.67,155.37,584084
07-DEC-2016,156.53,154.97,157.33,153.07,1186050
06-DEC-2016,151.67,155.97,158.63,150.2,1986859
05-DEC-2016,148.93,151.0,152.0,146.83,675822
02-DEC-2016,150.57,148.17,151.3,146.37,516122
01-DEC-2016,152.73,151.5,154.77,151.0,739531
30-NOV-2016,151.97,152.07,153.03,151.03,635299
29-NOV-2016,152.67,151.3,152.67,150.1,726356
28-NOV-2016,151.33,151.33,154.17,150.73,720410
25-NOV-2016,151.57,150.9,153.17,150.33,598552
24-NOV-2016,151.67,150.27,155.0,149.33,1611145
23-NOV-2016,143.13,152.43,153.3,142.0,1808175
22-NOV-2016,142.13,141.2,142.97,138.33,1429017
21-NOV-2016,146.83,140.03,147.93,138.73,1255721
18-NOV-2016,146.0,146.57,148.4,145.13,592914
17-NOV-2016,145.93,144.47,148.33,143.33,471666
16-NOV-2016,149.6,146.7,151.6,145.2,759851
15-NOV-2016,152.0,148.33,152.6,147.03,620262
11-NOV-2016,152.53,151.3,155.03,150.8,719391
10-NOV-2016,152.5,154.9,156.67,151.37,1224256
09-NOV-2016,138.67,147.6,153.27,132.7,2014351
08-NOV-2016,158.33,156.33,158.33,155.37,436574
07-NOV-2016,153.77,156.27,160.47,153.77,1195036
04-NOV-2016,156.97,152.23,157.57,151.33,703171
03-NOV-2016,159.93,156.8,159.93,156.0,750571
02-NOV-2016,159.93,159.7,160.6,158.17,685241
01-NOV-2016,163.2,160.47,163.33,160.0,893534
30-OCT-2016,160.77,160.93,161.27,160.03,390093
28-OCT-2016,160.0,159.93,161.13,159.33,662177
27-OCT-2016,158.73,159.47,160.67,157.9,886653
26-OCT-2016,161.33,158.57,162.6,158.17,1480935
25-OCT-2016,158.0,161.23,162.27,158.0,3209813
24-OCT-2016,158.0,157.87,159.83,157.5,5931659
21-OCT-2016,161.9,160.8,164.67,160.17,5435533
20-OCT-2016,165.83,167.3,169.27,163.4,4287419
19-OCT-2016,168.97,168.87,170.6,168.33,390872
18-OCT-2016,168.27,168.43,170.0,167.37,533298
17-OCT-2016,169.67,166.8,172.33,166.13,604206
14-OCT-2016,173.23,171.1,175.0,170.5,508582
13-OCT-2016,173.87,171.7,178.6,168.8,1792815
10-OCT-2016,176.3,174.57,177.47,173.47,380444
07-OCT-2016,181.87,176.07,182.0,175.33,833342
06-OCT-2016,187.73,181.8,189.2,181.0,1731555
05-OCT-2016,187.27,187.23,199.6,186.13,4594271
04-OCT-2016,173.93,185.3,189.3,172.33,3571434
03-OCT-2016,170.0,172.73,173.33,168.0,546330
30-SEP-2016,166.0,167.83,169.67,164.73,269836
29-SEP-2016,172.07,167.13,174.93,164.0,941690
28-SEP-2016,169.0,172.1,172.83,168.13,649015
27-SEP-2016,168.83,168.7,169.6,166.33,330935
26-SEP-2016,169.3,168.5,170.47,167.33,355321
23-SEP-2016,169.0,169.17,169.8,166.9,352811
22-SEP-2016,170.67,168.47,171.27,167.7,443119
21-SEP-2016,172.67,169.27,173.3,168.47,1006481
20-SEP-2016,170.87,168.73,171.83,167.73,692657
19-SEP-2016,166.67,168.0,168.67,161.67,710531
16-SEP-2016,169.37,166.0,170.27,165.3,478655
15-SEP-2016,169.73,169.1,170.3,166.8,1252542
14-SEP-2016,164.63,165.77,167.7,164.6,626189
12-SEP-2016,164.67,163.33,168.33,162.53,563533
09-SEP-2016,172.0,168.13,173.83,167.07,1098589
08-SEP-2016,168.0,170.53,171.67,168.0,1132538
07-SEP-2016,168.33,167.97,169.3,166.5,1313597
06-SEP-2016,165.2,165.03,166.27,164.33,603332
02-SEP-2016,162.0,163.07,166.63,160.77,1880018
01-SEP-2016,160.97,161.17,163.07,160.07,385376
31-AUG-2016,160.07,160.83,163.8,158.37,900805
30-AUG-2016,156.8,159.77,160.33,156.8,337239
29-AUG-2016,160.0,157.83,160.1,157.1,326303
26-AUG-2016,160.6,160.0,161.63,159.33,267727
25-AUG-2016,160.6,160.1,162.33,157.17,378722
24-AUG-2016,161.77,160.17,163.0,159.07,629182
23-AUG-2016,161.97,160.43,162.77,158.67,408340
22-AUG-2016,162.57,161.9,165.57,161.0,822793
19-AUG-2016,160.67,161.4,164.53,159.0,826237
18-AUG-2016,154.67,161.3,164.0,154.67,1327699
17-AUG-2016,155.8,154.03,156.23,153.4,256161
16-AUG-2016,154.4,154.9,158.27,153.8,380731
12-AUG-2016,155.7,153.77,157.33,153.37,403307
11-AUG-2016,158.6,155.3,161.33,154.17,693352
10-AUG-2016,161.27,158.07,161.63,156.07,419267
09-AUG-2016,162.0,160.8,164.27,160.33,348871
08-AUG-2016,163.6,161.97,164.33,161.4,301258
05-AUG-2016,162.33,163.1,164.37,161.63,453236
04-AUG-2016,164.4,161.1,165.33,160.07,715112
03-AUG-2016,163.07,159.13,164.0,158.13,426251
02-AUG-2016,162.73,163.33,166.5,162.33,585064
01-AUG-2016,165.93,162.8,165.93,161.4,387433
29-JUL-2016,164.0,164.8,166.2,162.67,535302
28-JUL-2016,164.67,163.17,165.87,162.57,610551
27-JUL-2016,164.4,164.6,167.3,164.0,574793
26-JUL-2016,165.33,163.9,168.4,163.4,753187
25-JUL-2016,167.2,166.37,168.93,164.33,785289
22-JUL-2016,165.33,167.3,168.8,163.47,1051657
21-JUL-2016,162.0,166.07,168.93,160.8,2469266
20-JUL-2016,165.07,161.17,165.17,160.07,820786
19-JUL-2016,162.47,164.33,165.2,159.07,1686719
18-JUL-2016,164.23,161.57,165.67,160.5,1125295
15-JUL-2016,164.53,163.6,167.27,161.67,2859926
14-JUL-2016,153.4,160.73,162.33,153.4,6173963
13-JUL-2016,172.67,153.17,177.87,150.5,10405393
12-JUL-2016,153.3,171.93,175.67,153.3,10530629
11-JUL-2016,148.67,153.07,154.97,146.67,3390107
08-JUL-2016,144.0,146.6,149.27,141.33,3777501
07-JUL-2016,132.27,143.7,148.47,132.23,6327422
05-JUL-2016,130.0,129.87,131.8,129.03,596186
04-JUL-2016,128.67,128.93,131.23,128.13,649909
01-JUL-2016,127.33,128.5,130.47,127.3,518859
30-JUN-2016,128.27,127.07,128.73,126.0,239766
29-JUN-2016,129.03,127.5,129.63,125.63,635511
28-JUN-2016,125.33,128.33,128.97,125.33,606691
27-JUN-2016,122.93,125.0,126.0,122.77,274295
24-JUN-2016,118.0,123.9,124.63,117.33,445938
23-JUN-2016,124.8,124.77,125.6,123.33,214260
22-JUN-2016,126.0,124.47,127.93,123.33,1036635
21-JUN-2016,124.1,123.57,124.63,122.17,330117
20-JUN-2016,122.5,124.07,125.97,121.93,399405
17-JUN-2016,124.6,123.4,124.63,122.0,366150
16-JUN-2016,122.0,123.67,124.87,120.67,494220
15-JUN-2016,124.0,122.57,124.07,122.0,515116
14-JUN-2016,124.93,122.93,125.83,122.0,410844
13-JUN-2016,124.97,124.83,126.0,123.0,249478
10-JUN-2016,126.43,125.47,127.33,124.93,236270
09-JUN-2016,126.67,125.97,127.2,124.67,332184
08-JUN-2016,127.43,125.97,130.0,124.8,540340
07-JUN-2016,129.13,128.4,129.13,127.07,293052
06-JUN-2016,130.1,127.6,130.1,124.67,558834
03-JUN-2016,132.3,130.8,132.3,130.0,310130
02-JUN-2016,130.23,131.53,133.33,129.83,732524
01-JUN-2016,126.93,129.37,131.49,126.4,335849
31-MAY-2016,127.06,126.39,127.4,125.33,76632
30-MAY-2016,127.47,126.59,128.27,126.0,80054
27-MAY-2016,126.13,126.92,129.2,125.87,141825
26-MAY-2016,127.06,125.75,127.6,125.35,100501
25-MAY-2016,126.39,126.54,127.33,125.81,58937
24-MAY-2016,127.83,125.21,127.92,124.02,68185
23-MAY-2016,129.8,127.73,130.26,127.07,61481
20-MAY-2016,130.53,129.01,130.93,128.53,60059
19-MAY-2016,131.53,130.34,131.6,129.87,66194
18-MAY-2016,130.8,131.16,132.49,130.67,109079
17-MAY-2016,131.58,130.74,132.88,130.07,195616
16-MAY-2016,132.05,130.41,133.73,128.95,389990
13-MAY-2016,130.27,131.0,131.85,128.47,119865
12-MAY-2016,130.39,130.45,131.87,129.61,94905
11-MAY-2016,127.97,129.99,131.19,127.23,134025
10-MAY-2016,128.85,129.89,130.4,128.13,220909
09-MAY-2016,126.93,127.78,128.32,126.93,142104
06-MAY-2016,129.87,126.55,130.37,125.68,207083
05-MAY-2016,131.87,130.51,132.77,130.19,111660
04-MAY-2016,134.43,131.91,134.8,131.05,178433
03-MAY-2016,132.51,134.43,136.93,132.03,327680
02-MAY-2016,132.93,131.51,133.84,130.71,112193
29-APR-2016,133.19,133.24,134.67,131.91,86446
28-APR-2016,134.27,132.9,134.94,132.63,83298
27-APR-2016,136.24,134.5,136.47,134.13,87648
26-APR-2016,133.33,135.45,136.25,133.33,154774
25-APR-2016,134.13,133.71,137.03,132.7,243944
22-APR-2016,133.43,133.81,135.13,132.15,92416
21-APR-2016,134.39,133.63,135.2,132.59,111619
20-APR-2016,135.2,133.21,135.73,132.45,147390
18-APR-2016,131.96,134.84,135.33,129.73,279431
13-APR-2016,132.56,131.72,135.33,131.07,250480
12-APR-2016,130.86,131.43,133.27,130.4,229939
11-APR-2016,126.91,129.93,132.16,126.01,460442
08-APR-2016,126.36,127.0,128.51,126.27,197302
07-APR-2016,126.79,125.66,126.79,125.33,47109
06-APR-2016,126.51,126.6,127.08,125.47,61765
05-APR-2016,126.4,125.79,128.85,125.34,141353
04-APR-2016,127.05,127.29,128.27,125.73,111033
01-APR-2016,126.26,126.39,127.67,126.0,78175
31-MAR-2016,126.15,125.73,127.51,124.34,135060
30-MAR-2016,127.29,126.99,128.65,126.0,131849
29-MAR-2016,125.29,126.99,129.25,124.71,330263
28-MAR-2016,125.73,124.7,127.18,124.0,98464
23-MAR-2016,125.86,125.36,127.2,124.81,126218
22-MAR-2016,127.32,125.84,127.32,124.8,168306
21-MAR-2016,126.13,126.85,128.27,125.46,158556
18-MAR-2016,126.0,126.96,128.33,124.72,173867
17-MAR-2016,128.91,126.07,129.29,125.59,212743
16-MAR-2016,122.99,127.74,128.93,121.87,538072
15-MAR-2016,124.38,122.39,124.39,122.07,69549
14-MAR-2016,125.6,123.75,125.73,123.17,157425
11-MAR-2016,124.55,124.48,125.73,123.53,233009
10-MAR-2016,124.65,123.27,125.07,122.11,132897
09-MAR-2016,122.0,124.19,125.51,120.4,315669
08-MAR-2016,121.6,121.9,123.8,119.33,213362
04-MAR-2016,123.6,121.45,123.99,120.69,185632
03-MAR-2016,123.71,123.33,126.53,122.93,253173
02-MAR-2016,119.85,121.43,121.98,119.85,168043
01-MAR-2016,115.96,118.62,119.69,115.96,160265
29-FEB-2016,116.13,115.19,119.73,114.67,275733
26-FEB-2016,116.51,115.98,117.12,114.95,81251
25-FEB-2016,116.65,115.26,117.19,114.69,76711
24-FEB-2016,116.0,116.25,119.33,115.73,159145
23-FEB-2016,120.47,117.34,120.86,116.8,162224
22-FEB-2016,115.52,119.73,120.92,114.93,311382
19-FEB-2016,114.29,114.77,115.36,112.81,58474
18-FEB-2016,115.83,114.33,116.27,112.15,98531
17-FEB-2016,114.05,114.23,115.23,110.68,95298
16-FEB-2016,116.4,113.91,117.17,113.33,93195
15-FEB-2016,113.6,115.56,116.53,113.47,95268
12-FEB-2016,112.28,111.73,113.77,108.3,173020
11-FEB-2016,118.13,111.81,119.71,110.67,257427
10-FEB-2016,124.3,118.65,126.21,113.63,497574
09-FEB-2016,124.67,124.3,126.48,123.87,74021
08-FEB-2016,126.24,126.87,129.07,124.73,99654
05-FEB-2016,127.16,125.89,127.16,124.01,135066
04-FEB-2016,124.13,126.02,126.53,122.87,138835
03-FEB-2016,125.63,122.69,125.87,122.27,125168
02-FEB-2016,128.13,126.83,131.04,126.02,190135
01-FEB-2016,129.42,128.17,129.93,127.13,107419
29-JAN-2016,130.91,128.39,130.91,128.0,110555
28-JAN-2016,128.4,130.33,131.83,126.04,156241
27-JAN-2016,127.73,128.4,131.45,126.99,272218
25-JAN-2016,123.32,124.35,125.07,122.53,77387
22-JAN-2016,120.53,122.13,123.33,120.0,119165
21-JAN-2016,118.27,118.84,120.47,117.6,103967
20-JAN-2016,120.0,117.24,120.35,115.47,105249
19-JAN-2016,121.91,122.11,123.73,120.33,92990
18-JAN-2016,125.18,120.91,125.18,120.27,123151
15-JAN-2016,130.65,125.73,131.2,124.57,96379
14-JAN-2016,127.33,129.89,133.65,124.73,217397
13-JAN-2016,134.53,130.2,134.53,124.74,235422
12-JAN-2016,132.39,133.39,135.04,131.87,211026
11-JAN-2016,132.61,132.03,133.6,130.27,119233
08-JAN-2016,133.37,132.95,134.51,132.4,139197
07-JAN-2016,135.17,132.2,137.17,131.42,473035
06-JAN-2016,132.23,134.59,135.56,131.07,327024
05-JAN-2016,132.91,131.43,133.23,130.83,131221
04-JAN-2016,133.59,131.88,134.52,131.33,149439
01-JAN-2016,132.67,133.89,135.73,130.93,197418
